date,total_articles,status
20240504,0,falhou/limite
20240505,0,falhou/limite
20240506,0,falhou/limite
20240507,0,sucesso
20240508,0,sucesso
20240509,0,sucesso
20240510,0,sucesso
20240511,0,sucesso
20240512,0,falhou/limite
20240513,0,sucesso
20240514,0,sucesso
20240515,0,sucesso
20240516,0,sucesso
20240517,0,sucesso
20240518,0,falhou/limite
20240519,0,falhou/limite
20240520,0,falhou/limite
20240521,0,falhou/limite
20240522,0,falhou/limite
20240523,0,falhou/limite
20240524,0,sucesso
20240525,0,sucesso
20240526,0,sucesso
20240527,0,sucesso
20240528,0,sucesso
20240529,0,falhou/limite
20240530,0,falhou/limite
20240531,0,falhou/limite
20240601,0,falhou/limite
20240602,0,falhou/limite
20240603,0,falhou/limite
20240604,0,falhou/limite
20240605,0,falhou/limite
20240606,0,sucesso
20240607,0,sucesso
20240608,0,sucesso
20240609,0,sucesso
20240610,0,sucesso
20240611,0,falhou/limite
20240612,0,falhou/limite
20240613,0,falhou/limite
20240614,0,falhou/limite
20240615,0,falhou/limite
20240616,0,falhou/limite
20250101,0,sucesso
20250102,0,sucesso
20250103,0,sucesso
20250104,0,sucesso
20250105,0,sucesso
20250106,0,sucesso
20250107,0,sucesso
20250108,0,sucesso
20250109,0,sucesso
20250110,0,falhou/limite
20250111,0,falhou/limite
20250112,0,falhou/limite
20250113,0,sucesso
20250114,0,sucesso
20250115,0,sucesso
20250116,0,sucesso
20250117,0,sucesso
20250118,0,sucesso
20250119,0,sucesso
20250120,0,sucesso
20250121,0,sucesso
20250122,0,sucesso
20250123,0,falhou/limite
20250124,0,falhou/limite
20250125,0,falhou/limite
20250126,0,falhou/limite
20250127,0,sucesso
20250128,0,falhou/limite
20250129,0,sucesso
20250130,0,sucesso
20250131,0,sucesso
20250201,0,sucesso
20250101,0,sucesso
20250102,0,sucesso
20250103,0,sucesso
20250104,0,sucesso
20250105,0,sucesso
20250130,0,sucesso
20250131,0,sucesso
20250201,0,sucesso
